{"cameraMode":{"drawMode":0,"name":"Shaded","section":"Shading Mode"},"sceneLighting":true,"audioPlay":false,"sceneViewState":{"showFog":true,"showMaterialUpdate":false,"showSkybox":true,"showFlares":true,"showImageEffects":true,"showParticleSystems":true},"in2DMode":false,"pivot":{"x":-2.6579792499542238,"y":0.08735787868499756,"z":0.09971427917480469},"rotation":{"x":-0.1294337511062622,"y":0.24019379913806916,"z":-0.032333310693502429,"w":-0.9615156650543213},"size":14.42987060546875,"orthographic":false}